,同比机构投资增加个数,同比机构投资增加额,同比机构投资弹性,同比机构追加投资比例
口子窖,97,1261062660,199.83%,4.98%
迈克生物,115,794833360,135.42%,4.91%
山东药玻,171,981252380,138.85%,4.85%
金陵体育,24,156736320,-85.43%,4.80%
顺鑫农业,103,1785433660,240.96%,4.01%
泰格医药,485,2034308400,20.10%,3.98%
通策医疗,269,1243331920,179.75%,3.75%
我武生物,126,803562200,106.21%,3.63%
泸州老窖,158,3715981500,230.59%,3.41%
长春高新,685,3580247540,384.18%,3.33%
普利制药,174,567516640,185.43%,3.13%
洋河股份,145,3924146860,89.09%,3.03%
今世缘,92,1050390370,189.90%,2.94%
万孚生物,130,779496500,486.67%,2.92%
乐普医疗,264,1557611200,218.47%,2.28%
凯莱英,220,866757670,8.81%,2.19%
药石科技,57,244820030,195.76%,2.16%
山西汾酒,142,1550377130,399.68%,1.97%
贝达药业,61,530263100,300.98%,1.88%
国药一致,24,316346600,143.45%,1.83%
九洲药业,94,299049840,118.54%,1.83%
爱尔眼科,371,1972099550,425.69%,1.64%
通化东宝,93,328766470,92.80%,1.51%
南微医学,66,317352530,323.95%,1.41%
药明康德,462,2005883410,92.19%,1.30%
健帆生物,208,455561930,351.98%,1.16%
安图生物,129,555951000,800.87%,1.12%
昭衍新药,65,126833280,787.97%,1.09%
恒瑞医药,666,4184420290,1134.13%,1.04%
健康元,23,215826020,460.06%,0.96%
康泰生物,373,648292400,1448.11%,0.88%
华东医药,23,261680430,494.82%,0.86%
五 粮 液,162,3630303130,780.53%,0.81%
迈瑞医疗,464,2318163240,1407.02%,0.73%
丽珠集团,-12,232855200,1510.84%,0.64%
沃森生物,159,306056000,421.96%,0.64%
司太立,47,58384140,1253.83%,0.58%
老百姓,84,126457110,919.36%,0.58%
美年健康,111,242271900,744.27%,0.52%
博腾股份,28,74501020,386.11%,0.51%
欧普康视,13,93206580,1476.05%,0.42%
片仔癀,52,316185540,765.15%,0.42%
复星医药,114,276614450,2862.96%,0.33%
大参林,14,108955740,1882.47%,0.32%
生物股份,22,71955630,1596.49%,0.31%
金域医学,61,75863990,3862.78%,0.29%
卫宁健康,41,103305760,-826.07%,0.28%
贵州茅台,161,3586531180,1408.72%,0.27%
先导智能,19,90638810,-3656.53%,0.27%
华兰生物,139,171045970,3010.43%,0.26%
煌上煌,23,26731480,3072.80%,0.25%
健友股份,51,88696600,1968.39%,0.25%
益丰药房,15,71840400,2980.09%,0.21%
科伦药业,48,62337600,1362.70%,0.20%
广联达,25,91367820,3261.59%,0.19%
智飞生物,115,154702510,7808.54%,0.14%
中炬高新,95,48770150,4541.00%,0.14%
天坛生物,40,50052300,835.42%,0.14%
青岛啤酒,21,74519640,9517.84%,0.12%
华测检测,6,30999800,2887.33%,0.12%
欣旺达,10,26641560,-6832.17%,0.12%
新宝股份,2,17308460,1342.85%,0.11%
山大华特,17,5840180,-280.87%,0.11%
星宇股份,8,26821740,-1163.44%,0.11%
东方财富,20,120709490,-1335.23%,0.11%
隆基股份,16,93043690,729.72%,0.10%
伊利股份,107,170870950,701.09%,0.10%
上海莱士,20,40921600,-1337.21%,0.10%
海通证券,22,144871540,-1905.42%,0.10%
璞泰来,4,27545740,-4281.76%,0.10%
华友钴业,1,31177380,-6710.09%,0.10%
汇川技术,21,43557550,8746.42%,0.09%
格林美,6,18116990,-458.09%,0.09%
通富微电,5,19763740,-16169.82%,0.09%
鱼跃医疗,24,28681200,30443.55%,0.08%
圣邦股份,4,19426750,3104.28%,0.08%
中信证券,26,238297390,-488.22%,0.08%
玲珑轮胎,18,20035560,-2994.71%,0.08%
信维通信,30,28346990,-5604.01%,0.08%
顺络电子,6,13921030,-6429.22%,0.08%
三花智控,5,36522050,-10146.18%,0.08%
天齐锂业,1,25252060,-16904.83%,0.08%
劲胜智能,1,5494500,-28126.53%,0.08%
海信家电,-1,9033280,3771.40%,0.07%
大华股份,2,35774510,-6306.15%,0.07%
温氏股份,58,112172850,-6865.91%,0.07%
新 和 成,15,38617190,-8123.45%,0.07%
通威股份,4,37672180,-13886.07%,0.07%
云南白药,7,69269610,12668.99%,0.06%
安琪酵母,2,15180220,2280.03%,0.06%
国泰君安,17,94607240,753.26%,0.06%
浙江鼎力,5,11693930,-88.96%,0.06%
华泰证券,3,96334860,-1790.18%,0.06%
赣锋锂业,9,28538160,-2762.94%,0.06%
方正证券,10,33353460,-3208.58%,0.06%
上海钢联,-13,7138630,-4234.80%,0.06%
中国长城,8,21492730,-7356.99%,0.06%
寒锐钴业,7,7764500,-11521.16%,0.06%
海天味业,93,143595940,28377.25%,0.05%
东诚药业,49,6082080,10551.84%,0.05%
招商证券,17,56078430,1194.65%,0.05%
东方证券,10,35483730,-4533.18%,0.05%
锐科激光,-1,7678130,-14328.49%,0.05%
科达利,0,4399630,-20285.80%,0.05%
华天科技,9,13843290,-25137.12%,0.05%
三一重工,7,53235470,21368.15%,0.04%
扬农化工,10,9082200,13102.68%,0.04%
瀚蓝环境,2,6192660,2227.27%,0.04%
广发证券,5,36876400,-206.67%,0.04%
申万宏源,16,48357790,-4142.45%,0.04%
中国软件,1,14990070,-8809.05%,0.04%
绿盟科技,-7,6317130,-9854.66%,0.04%
亿纬锂能,5,18883020,-20939.92%,0.04%
双汇发展,40,38676340,23171.95%,0.03%
中兴通讯,18,55016340,12658.29%,0.03%
宁德时代,28,67057750,9385.85%,0.03%
东阳光,0,6929740,-2174.61%,0.03%
深南电路,1,21989290,-7176.33%,0.03%
歌尔股份,15,17919980,-9054.43%,0.03%
立讯精密,37,67865850,-9221.62%,0.03%
超图软件,3,3746220,-12479.75%,0.03%
亿联网络,1,16927340,-19229.84%,0.03%
京东方Ａ,10,35410480,-24567.87%,0.03%
生益科技,-1,17424300,-26126.63%,0.03%
欧菲光,-4,9835660,-27581.95%,0.03%
兆易创新,12,22313750,-34140.97%,0.03%
长电科技,6,10395330,-43327.89%,0.03%
万  科Ａ,23,61548170,14139.58%,0.02%
金风科技,3,9928710,11915.13%,0.02%
正泰电器,0,9914760,10193.06%,0.02%
万华化学,4,25513470,8737.42%,0.02%
潍柴动力,8,16363610,969.70%,0.02%
科大讯飞,9,19595370,-2692.77%,0.02%
泰胜风能,1,656000,-10962.70%,0.02%
新国都,-1,1713470,-13293.03%,0.02%
光环新网,-1,7217340,-15600.30%,0.02%
正邦科技,3,9868190,-19173.63%,0.02%
东山精密,3,7171530,-30466.84%,0.02%
卓胜微,6,9041370,-33158.69%,0.02%
紫光国微,4,5447410,-53247.14%,0.02%
山东黄金,9,6436390,243677.51%,0.01%
金山办公,-1,6609030,124160.43%,0.01%
晨光文具,1,3296510,86515.74%,0.01%
三棵树,-1,1492020,72392.50%,0.01%
光线传媒,-8,1745700,70580.03%,0.01%
浪潮信息,1,7172930,56274.90%,0.01%
比亚迪,11,11722330,52597.08%,0.01%
中国太保,2,27755210,50280.58%,0.01%
富祥股份,1,1118700,41170.64%,0.01%
长江电力,16,39185880,23579.92%,0.01%
常熟银行,7,2714650,18173.76%,0.01%
辽宁成大,3,2925850,14116.30%,0.01%
美的集团,47,43688790,6395.64%,0.01%
国电南瑞,3,11198690,5778.10%,0.01%
兴业证券,3,3065100,0.00%,0.01%
汇顶科技,8,17541010,-5589.86%,0.01%
三角轮胎,5,1444240,-11632.42%,0.01%
深振业Ａ,4,408640,-13214.52%,0.01%
上海医药,13,5636940,-14117.32%,0.01%
太平洋,2,1320690,-15483.53%,0.01%
海康威视,25,38389790,-16552.86%,0.01%
物产中大,0,1367820,-18504.56%,0.01%
云铝股份,5,913280,-20551.46%,0.01%
恒力石化,2,10414360,-27712.03%,0.01%
沪电股份,2,4087580,-34177.22%,0.01%
美亚柏科,1,2269790,-35835.34%,0.01%
深天马Ａ,2,3423000,-41883.91%,0.01%
卧龙电驱,4,1529250,-45096.76%,0.01%
大族激光,5,1761650,-47246.28%,0.01%
恩捷股份,4,5144500,-51661.45%,0.01%
烽火通信,0,5406070,-59349.91%,0.01%
内蒙一机,2,862920,-70489.44%,0.01%
TCL科技,27,7694850,-87905.80%,0.01%
思创医惠,2,810240,-138420.81%,0.01%
四维图新,5,2066590,-236345.49%,0.01%
劲嘉股份,2,0,inf%,0.00%
慈文传媒,0,0,inf%,0.00%
中宠股份,0,0,inf%,0.00%
奥飞娱乐,0,0,inf%,0.00%
荣泰健康,0,0,inf%,0.00%
莱克电气,0,0,inf%,0.00%
安科生物,0,0,inf%,0.00%
星徽精密,0,0,inf%,0.00%
佩蒂股份,0,0,inf%,0.00%
中顺洁柔,0,0,inf%,0.00%
银泰黄金,0,0,inf%,0.00%
蓝帆医疗,0,0,inf%,0.00%
云煤能源,0,0,inf%,0.00%
张  裕Ａ,0,0,inf%,0.00%
新兴铸管,0,0,inf%,0.00%
ST慧球,0,0,inf%,0.00%
华联控股,0,0,inf%,0.00%
普洛药业,0,0,inf%,0.00%
鲁阳节能,0,0,inf%,0.00%
金 融 街,0,0,inf%,0.00%
联化科技,0,0,inf%,0.00%
迪马股份,0,0,inf%,0.00%
光明乳业,0,0,inf%,0.00%
三祥新材,0,0,inf%,0.00%
丽岛新材,0,0,inf%,0.00%
四创电子,0,0,inf%,0.00%
青松股份,0,0,inf%,0.00%
大悦城,0,0,inf%,0.00%
兴齐眼药,0,0,inf%,0.00%
欧派家居,0,0,inf%,0.00%
济川药业,0,0,inf%,0.00%
杭州银行,0,0,inf%,0.00%
和晶科技,0,0,inf%,0.00%
南方传媒,0,0,inf%,0.00%
伊力特,0,0,inf%,0.00%
京新药业,0,0,inf%,0.00%
中洲控股,0,0,inf%,0.00%
淮北矿业,0,0,inf%,0.00%
阳 光 城,0,0,inf%,0.00%
方大特钢,0,0,inf%,0.00%
美联新材,0,0,inf%,0.00%
隆盛科技,0,0,inf%,0.00%
大庆华科,0,0,inf%,0.00%
希努尔,0,0,inf%,0.00%
华夏航空,0,0,inf%,0.00%
航天长峰,0,0,inf%,0.00%
钱江摩托,0,0,inf%,0.00%
运达科技,0,0,inf%,0.00%
粤宏远Ａ,0,0,inf%,0.00%
华东数控,0,0,inf%,0.00%
青龙管业,0,0,inf%,0.00%
达志科技,0,0,inf%,0.00%
赛福天,0,0,inf%,0.00%
佰仁医疗,0,0,inf%,0.00%
北京君正,-2,-1220,77725643.06%,0.00%
凯利泰,1,3520,37997335.68%,0.00%
宝信软件,-2,-39930,15107835.29%,0.00%
步 步 高,1,3040,8809546.87%,0.00%
中联重科,0,63940,4556008.16%,0.00%
三安光电,3,-352490,3320684.15%,0.00%
北方华创,-1,-594320,1682823.87%,0.00%
江苏银行,2,104730,992079.63%,0.00%
万润股份,1,-136220,947708.97%,0.00%
宁波银行,8,701540,850418.98%,0.00%
圆通速递,2,574200,759831.24%,0.00%
渝农商行,-1,-84560,671535.00%,0.00%
东华软件,-4,-764540,529746.92%,0.00%
世纪华通,-7,-1375570,476317.18%,0.00%
万达电影,1,143520,448935.88%,0.00%
上海银行,2,702210,424854.53%,0.00%
天风证券,-1,-640120,406131.23%,0.00%
中国中车,2,1937380,385144.09%,0.00%
金发科技,-1,-47940,322105.42%,0.00%
东方明珠,-16,-417520,302587.92%,0.00%
中国联通,1,-315130,295359.13%,0.00%
同花顺,-1,-321720,227258.49%,0.00%
新华保险,3,1444370,224618.93%,0.00%
星网锐捷,0,-480830,220778.68%,0.00%
领益智造,2,-1668050,208735.32%,0.00%
宁沪高速,2,1467990,192176.96%,0.00%
浙商证券,-1,-672570,178420.79%,0.00%
新城控股,1,2590790,174211.28%,0.00%
桐昆股份,1,-732830,173992.91%,0.00%
华安证券,2,408630,168365.02%,0.00%
西部矿业,-2,-47520,150441.92%,0.00%
光威复材,2,617860,136747.89%,0.00%
中国交建,-2,-2304180,133374.99%,0.00%
东方航空,2,524320,124958.11%,0.00%
中海油服,0,-2011200,116252.99%,0.00%
南京证券,-2,-785290,113420.82%,0.00%
吉林敖东,2,436800,111830.09%,0.00%
绿地控股,3,2123590,103139.86%,0.00%
中国石化,1,-2431750,99575.38%,0.00%
双箭股份,-2,-102510,96358.74%,0.00%
粤高速Ａ,5,556140,90227.90%,0.00%
中南传媒,1,364480,68985.95%,0.00%
威孚高科,3,941020,67547.86%,0.00%
华鲁恒升,4,-853580,62887.80%,0.00%
中国铁建,2,-1316990,61866.26%,0.00%
中航高科,-1,-175050,55706.05%,0.00%
深圳能源,2,313910,50517.56%,0.00%
大连重工,-2,-50840,37989.18%,0.00%
贵阳银行,1,276450,34921.63%,0.00%
成都银行,1,770960,32797.76%,0.00%
京能电力,-7,-908950,29690.23%,0.00%
天能重工,-1,-70670,28656.60%,0.00%
中国平安,31,57659480,22826.73%,0.00%
顺丰控股,-7,7033840,22592.95%,0.00%
华夏幸福,2,2941040,20491.29%,0.00%
中国中铁,2,-1381950,17779.90%,0.00%
恒生电子,-4,1935100,7055.70%,0.00%
雅戈尔,0,1633150,3070.16%,0.00%
中国广核,4,215900,0.00%,0.00%
中国人保,1,819950,0.00%,0.00%
人福医药,0,287100,0.00%,0.00%
徐工机械,0,-26680,0.00%,0.00%
郑煤机,-1,8320,0.00%,0.00%
铜陵有色,-1,-670,0.00%,0.00%
露天煤业,-5,-654980,-2933.79%,0.00%
梅花生物,2,579990,-10704.63%,0.00%
招商蛇口,7,6423560,-12323.71%,0.00%
中国中冶,-2,-2138520,-19381.27%,0.00%
兖州煤业,-1,-1535820,-22388.11%,0.00%
大秦铁路,6,-2502650,-35642.52%,0.00%
宝钢股份,6,577610,-41182.85%,0.00%
航天信息,0,1047460,-42675.15%,0.00%
建发股份,-1,-717840,-47395.53%,0.00%
中国建筑,-2,-9649350,-47851.09%,0.00%
天茂集团,0,1336030,-55469.89%,0.00%
方大炭素,2,395430,-75624.14%,0.00%
长盈精密,1,879450,-82766.30%,0.00%
葛洲坝,-1,-1032620,-84726.98%,0.00%
高德红外,2,502610,-89426.06%,0.00%
韦尔股份,3,-3216230,-95588.09%,0.00%
华夏银行,-7,-905520,-101956.16%,0.00%
光大银行,0,-4948040,-106081.06%,0.00%
金钼股份,1,78120,-123909.54%,0.00%
东北证券,0,503210,-125578.25%,0.00%
陕西煤业,-1,-2614040,-130066.87%,0.00%
康力电梯,-2,-296220,-145409.65%,0.00%
阳光照明,1,88920,-146973.98%,0.00%
蓝思科技,3,2959500,-149609.59%,0.00%
环旭电子,4,1642450,-159207.62%,0.00%
华数传媒,1,154560,-176201.39%,0.00%
思维列控,1,91200,-177229.35%,0.00%
新 大 陆,4,569180,-190323.20%,0.00%
宁夏建材,-2,-271600,-211272.92%,0.00%
中国神华,1,-12844120,-213698.38%,0.00%
上汽集团,10,-7963300,-217140.17%,0.00%
启明星辰,0,-1108560,-231561.03%,0.00%
瀚叶股份,1,101640,-247039.76%,0.00%
北新建材,-14,869970,-252463.90%,0.00%
当升科技,1,222500,-253201.07%,0.00%
华工科技,1,431480,-256339.34%,0.00%
安井食品,-2,-568620,-258982.54%,0.00%
金科股份,0,-1659600,-263832.67%,0.00%
和而泰,2,280500,-273739.66%,0.00%
蓝色光标,2,332640,-284570.22%,0.00%
明泰铝业,-1,21490,-286782.37%,0.00%
坚朗五金,-1,-364800,-337581.74%,0.00%
宇通客车,0,-426160,-342875.89%,0.00%
荣盛发展,-7,-432340,-362062.03%,0.00%
皖维高新,1,95000,-385178.94%,0.00%
天山股份,0,-18460,-397673.93%,0.00%
中信银行,-1,-585790,-501218.69%,0.00%
东方日升,3,271030,-572017.53%,0.00%
纳思达,2,781240,-582817.77%,0.00%
工业富联,-3,1695270,-585594.98%,0.00%
华宇软件,4,154380,-592441.71%,0.00%
闻泰科技,8,2642150,-627074.80%,0.00%
应流股份,2,101640,-662522.31%,0.00%
林洋能源,2,100320,-770908.27%,0.00%
中信建投,1,34580,-884486.44%,0.00%
拉卡拉,1,173880,-913296.35%,0.00%
利亚德,-1,105720,-914011.63%,0.00%
禾丰牧业,-2,-47150,-938931.30%,0.00%
思源电气,1,212410,-952006.35%,0.00%
招商轮船,2,319160,-1119270.48%,0.00%
广电运通,-2,-75520,-1275950.19%,0.00%
中信特钢,-1,-158340,-1331264.75%,0.00%
辰安科技,2,38220,-1655610.61%,0.00%
财通证券,1,30680,-2105671.45%,0.00%
中公教育,2,226800,-2556153.19%,0.00%
久立特材,1,2960,-2843033.12%,0.00%
长江证券,2,6870,-3219542.03%,0.00%
洛阳钼业,2,71690,-3314153.25%,0.00%
浙商银行,2,10650,-3994121.46%,0.00%
永辉超市,-1,-59200,-4688233.13%,0.00%
国投资本,1,31460,-5105878.25%,0.00%
上海机场,0,23320,-6279967.50%,0.00%
赢时胜,1,3040,-6346840.16%,0.00%
佳发教育,1,2840,-8628352.65%,0.00%
中国石油,0,351220,-8858711.41%,0.00%
蓝晓科技,1,2920,-11748124.14%,0.00%
长信科技,-1,12730,-13946412.56%,0.00%
集友股份,0,-9.31E-10,-2.62E+17,0.00%
天顺风能,0,0,#NAME?,0.00%
晶盛机电,0,0,#NAME?,0.00%
博通集成,0,0,#NAME?,0.00%
闰土股份,0,0,#NAME?,0.00%
金雷股份,0,0,#NAME?,0.00%
天赐材料,0,0,#NAME?,0.00%
移为通信,0,0,#NAME?,0.00%
吉宏股份,0,0,#NAME?,0.00%
横店影视,0,0,#NAME?,0.00%
国星光电,0,0,#NAME?,0.00%
百傲化学,0,0,#NAME?,0.00%
世运电路,0,0,#NAME?,0.00%
长鹰信质,0,0,#NAME?,0.00%
再升科技,0,0,#NAME?,0.00%
龙蟒佰利,0,0,#NAME?,0.00%
科锐国际,0,0,#NAME?,0.00%
九鼎投资,0,0,#NAME?,0.00%
广和通,0,0,#NAME?,0.00%
锦江酒店,0,0,#NAME?,0.00%
威海广泰,0,0,#NAME?,0.00%
大豪科技,0,0,#NAME?,0.00%
海信视像,0,0,#NAME?,0.00%
盘江股份,0,0,#NAME?,0.00%
山西焦化,0,0,#NAME?,0.00%
陕西黑猫,0,0,#NAME?,0.00%
云海金属,0,0,#NAME?,0.00%
良信电器,0,0,#NAME?,0.00%
中孚信息,0,0,#NAME?,0.00%
三钢闽光,0,0,#NAME?,0.00%
河钢股份,0,0,#NAME?,0.00%
鹏辉能源,0,0,#NAME?,0.00%
沙钢股份,0,0,#NAME?,0.00%
四通新材,0,0,#NAME?,0.00%
中微公司,0,0,#NAME?,0.00%
华菱钢铁,0,0,#NAME?,0.00%
杭萧钢构,0,0,#NAME?,0.00%
网宿科技,0,0,#NAME?,0.00%
云图控股,0,0,#NAME?,0.00%
天音控股,0,0,#NAME?,0.00%
钢研高纳,0,0,#NAME?,0.00%
众业达,0,0,#NAME?,0.00%
新钢股份,0,0,#NAME?,0.00%
江苏索普,0,0,#NAME?,0.00%
五矿资本,0,0,#NAME?,0.00%
朗科智能,0,0,#NAME?,0.00%
江苏雷利,0,0,#NAME?,0.00%
盛弘股份,0,0,#NAME?,0.00%
安达维尔,0,0,#NAME?,0.00%
航天电器,0,0,#NAME?,0.00%
华创阳安,0,0,#NAME?,0.00%
长海股份,0,0,#NAME?,0.00%
沃尔核材,0,0,#NAME?,0.00%
国盛金控,0,0,#NAME?,0.00%
小商品城,0,0,#NAME?,0.00%
爱施德,0,0,#NAME?,0.00%
第一创业,0,0,#NAME?,0.00%
引力传媒,0,0,#NAME?,0.00%
陕国投Ａ,0,0,#NAME?,0.00%
惠伦晶体,0,0,#NAME?,0.00%
日出东方,0,0,#NAME?,0.00%
达华智能,0,0,#NAME?,0.00%
盛通股份,0,0,#NAME?,0.00%
探路者,0,0,#NAME?,0.00%
金龙机电,0,0,#NAME?,0.00%
邦讯技术,0,0,#NAME?,0.00%
万润科技,0,0,#NAME?,0.00%
睿创微纳,0,0,#NAME?,0.00%
德赛西威,0,0,#NAME?,0.00%
南洋股份,0,0,#NAME?,0.00%
微芯生物,0,0,#NAME?,0.00%
星辉娱乐,0,0,#NAME?,0.00%
黑牡丹,0,0,#NAME?,0.00%
维尔利,0,0,#NAME?,0.00%
恒逸石化,0,0,#NAME?,0.00%
富煌钢构,0,0,#NAME?,0.00%
常山北明,0,0,#NAME?,0.00%
中远海控,0,0,#NAME?,0.00%
中科电气,0,0,#NAME?,0.00%
掌阅科技,0,0,#NAME?,0.00%
能科股份,0,0,#NAME?,0.00%
信隆健康,0,0,#NAME?,0.00%
兆驰股份,0,0,#NAME?,0.00%
深科技,0,0,#NAME?,0.00%
北斗星通,0,0,#NAME?,0.00%
东方通,0,0,#NAME?,0.00%
航天动力,0,0,#NAME?,0.00%
同济科技,0,0,#NAME?,0.00%
太阳能,0,0,#NAME?,0.00%
柳钢股份,0,0,#NAME?,0.00%
张江高科,0,0,#NAME?,0.00%
山西证券,0,0,#NAME?,0.00%
西藏珠峰,0,0,#NAME?,0.00%
宏达矿业,0,0,#NAME?,0.00%
东百集团,0,0,#NAME?,0.00%
渤海轮渡,0,0,#NAME?,0.00%
中广天择,0,0,#NAME?,0.00%
熙菱信息,0,0,#NAME?,0.00%
山东高速,0,0,#NAME?,0.00%
昊华科技,0,0,#NAME?,0.00%
横河模具,0,0,#NAME?,0.00%
山煤国际,0,0,#NAME?,0.00%
省广集团,0,0,#NAME?,0.00%
亿通科技,0,0,#NAME?,0.00%
利欧股份,0,0,#NAME?,0.00%
航锦科技,0,0,#NAME?,0.00%
联创电子,0,0,#NAME?,0.00%
万业企业,0,0,#NAME?,0.00%
海航控股,0,0,#NAME?,0.00%
东方能源,0,0,#NAME?,0.00%
银龙股份,0,0,#NAME?,0.00%
安集科技,0,0,#NAME?,0.00%
八亿时空,0,0,#NAME?,0.00%
华特气体,0,0,#NAME?,0.00%
国元证券,-1,0,#NAME?,0.00%
包钢股份,0,0,nan%,0.00%
重庆钢铁,0,0,nan%,0.00%
太钢不锈,0,0,nan%,0.00%
恒源煤电,0,0,nan%,0.00%
同德化工,0,0,nan%,0.00%
用友网络,2,-5346120,89006.28%,-0.01%
梦网集团,-6,-1128750,44807.57%,-0.01%
顾家家居,-1,-1588260,34897.41%,-0.01%
牧原股份,17,-14910140,34894.88%,-0.01%
冀东水泥,-11,-1486720,34442.18%,-0.01%
新 希 望,-10,-6676310,18313.18%,-0.01%
金隅集团,-16,-3637440,17613.11%,-0.01%
中航机电,-6,-3886080,13000.58%,-0.01%
西山煤电,-1,-1581580,7969.75%,-0.01%
金 螳 螂,-2,-1516040,5312.01%,-0.01%
江苏租赁,1,-2060850,4347.70%,-0.01%
福建高速,-7,-1080450,2540.05%,-0.01%
爱建集团,5,-1554660,2086.53%,-0.01%
隧道股份,1,-2078590,-3025.22%,-0.01%
潞安环能,-1,-1424280,-4200.59%,-0.01%
中国电建,-2,-3554160,-4304.54%,-0.01%
阳泉煤业,-1,-1089660,-4414.22%,-0.01%
塔牌集团,-13,-2080700,-6876.20%,-0.01%
旗滨集团,-12,-1618180,-8303.01%,-0.01%
江西铜业,1,-2632320,-11839.20%,-0.01%
上海建工,-9,-3333120,-13357.45%,-0.01%
民生银行,8,-30698880,-15688.08%,-0.01%
浦发银行,8,-25548960,-17232.84%,-0.01%
格力电器,30,-32821540,-18328.61%,-0.01%
华新水泥,-13,-5695830,-27238.94%,-0.01%
创业慧康,-1,-985050,-27786.21%,-0.01%
家家悦,-3,-2590090,-34294.72%,-0.01%
招商银行,-14,-100190440,-42288.81%,-0.01%
中国巨石,0,-2268660,-46313.33%,-0.01%
紫金矿业,-7,-14416300,-58090.47%,-0.01%
平安银行,17,-18267540,-66925.97%,-0.01%
保利地产,7,-13215340,-68623.53%,-0.01%
兴业银行,-2,-24539230,-74498.21%,-0.01%
海螺水泥,-21,-19584300,-79823.85%,-0.01%
长城汽车,-2,-5047120,-101271.03%,-0.01%
金地集团,2,-4730620,-105930.89%,-0.01%
华侨城Ａ,-10,-2716450,-169095.83%,-0.01%
恒立液压,-1,-2984520,-200365.89%,-0.01%
立思辰,-1,-3098080,63623.18%,-0.02%
华策影视,-1,-3044480,28257.05%,-0.02%
太阳纸业,-5,-4269260,21854.79%,-0.02%
紫光股份,-8,-17230280,18614.76%,-0.02%
美锦能源,-3,-5708990,17232.88%,-0.02%
安恒信息,-6,-2718840,16292.35%,-0.02%
中国化学,-3,-4930240,16008.96%,-0.02%
顺网科技,-5,-3371710,14208.17%,-0.02%
法拉电子,-1,-2224200,13656.60%,-0.02%
宝泰隆,-1,-832260,11609.79%,-0.02%
中远海能,-1,-6932400,9618.27%,-0.02%
凤凰传媒,-23,-3058640,7488.33%,-0.02%
春秋航空,-6,-5922240,464.38%,-0.02%
长安汽车,2,-11164820,-2580.95%,-0.02%
中文传媒,-12,-3269910,-3315.23%,-0.02%
云南铜业,0,-3194650,-3724.27%,-0.02%
海尔智家,0,-21366470,-4927.02%,-0.02%
北京银行,-5,-18875360,-5600.68%,-0.02%
南京银行,3,-13970920,-9107.00%,-0.02%
新媒股份,-13,-4579390,-10315.47%,-0.02%
白云山,-29,-11908960,-10648.43%,-0.02%
南钢股份,-1,-2399040,-18463.82%,-0.02%
华域汽车,5,-11633940,-33061.23%,-0.02%
中南建设,-13,-5219260,-38567.24%,-0.02%
大博医疗,31,-4668480,-41704.43%,-0.02%
华海药业,-8,-7542240,-66975.55%,-0.02%
杰瑞股份,4,-6023810,44841.19%,-0.03%
昆仑万维,-7,-6705630,16954.19%,-0.03%
步长制药,-17,-5914270,1158.13%,-0.03%
中新赛克,1,-5183360,-308.83%,-0.03%
汤臣倍健,-8,-9087930,-2437.84%,-0.03%
滨江集团,-6,-3897120,-7983.96%,-0.03%
蓝光发展,-3,-6230120,-14506.22%,-0.03%
祁连山,-12,-2607930,-17264.59%,-0.03%
洽洽食品,-6,-7465920,-20304.66%,-0.03%
老凤祥,-6,-5843760,-26049.54%,-0.03%
中青旅,-14,-2684360,14021.85%,-0.04%
金达威,-7,-5086760,5090.12%,-0.04%
海大集团,-9,-24583160,-15492.97%,-0.04%
华大基因,-11,-13199880,-27643.52%,-0.04%
浙数文化,-7,-5076400,-31801.78%,-0.04%
游族网络,-12,-9633690,24900.77%,-0.05%
宁波华翔,-1,-5772990,20501.85%,-0.05%
三七互娱,-53,-35992850,10387.30%,-0.05%
东阿阿胶,-29,-8723970,-8096.58%,-0.05%
圣农发展,-6,-13941840,-9638.92%,-0.05%
华发股份,0,-6956140,-9739.74%,-0.05%
中科创达,-7,-12177150,13618.64%,-0.06%
卫星石化,0,-8932090,9664.27%,-0.06%
中国国旅,-1,-81665980,7602.76%,-0.06%
洲明科技,-1,-5074500,4453.72%,-0.06%
东方雨虹,-25,-27815630,-3102.16%,-0.06%
南极电商,-17,-17755340,-11060.88%,-0.06%
绝味食品,-5,-19042160,-13104.53%,-0.06%
中体产业,-9,-5096030,16722.29%,-0.07%
宋城演艺,5,-25477600,4675.24%,-0.07%
国瓷材料,-8,-14932090,2128.99%,-0.07%
水晶光电,-5,-12597560,6572.92%,-0.08%
中国重工,-3,-79293810,575.13%,-0.08%
吉比特,-37,-22529080,-851.69%,-0.08%
中航沈飞,-3,-31533330,-3064.28%,-0.08%
航发动力,-2,-45308640,4965.60%,-0.09%
分众传媒,-33,-54937560,534.35%,-0.09%
芒果超媒,-41,-70162710,-3298.75%,-0.09%
掌趣科技,-8,-14919130,17004.25%,-0.10%
比音勒芬,-7,-5752560,1446.91%,-0.10%
国药股份,-31,-21046080,-4445.41%,-0.10%
当代明诚,-9,-5760950,5378.42%,-0.11%
中航飞机,-2,-52695110,2469.42%,-0.11%
中国动力,-4,-32414250,784.38%,-0.12%
中航光电,-2,-45294730,-2965.26%,-0.12%
完美世界,-56,-74376150,-2989.45%,-0.12%
奥拓电子,-9,-5360130,2429.19%,-0.13%
利安隆,-15,-7794380,1052.09%,-0.13%
中直股份,-5,-33358900,1395.99%,-0.14%
禾望电气,-14,-5621760,995.89%,-0.16%
航天电子,-3,-30854800,2027.02%,-0.17%
海格通信,-2,-46495070,4412.81%,-0.18%
卫 士 通,-3,-35936740,2776.04%,-0.18%
东方国信,-6,-144564870,774.79%,-0.90%
火炬电子,-6,-143821560,654.66%,-1.38%
柳药股份,-6,-195385500,-29.17%,-2.38%
古井贡酒,,,nan%,nan%
水井坊,,,nan%,nan%
康龙化成,,,nan%,nan%
威高股份,,,nan%,nan%
工商银行,,,nan%,nan%
交通银行,,,nan%,nan%
建设银行,,,nan%,nan%
农业银行,,,nan%,nan%
中国人寿,,,nan%,nan%
阳光电源,,,nan%,nan%
新宙邦,,,nan%,nan%
富力地产,,,nan%,nan%
鹏鼎控股,,,nan%,nan%
金蝶国际,,,nan%,nan%
宏发股份,,,nan%,nan%
禹洲地产,,,nan%,nan%
远洋集团,,,nan%,nan%
药明生物,,,nan%,nan%
合景泰富集团,,,nan%,nan%
雅居乐集团,,,nan%,nan%
互太纺织,,,nan%,nan%
正通汽车,,,nan%,nan%
中骏集团控股,,,nan%,nan%
韵达股份,,,nan%,nan%
捷佳伟创,,,nan%,nan%
中国奥园,,,nan%,nan%
海通国际,,,nan%,nan%
中国重汽,,,nan%,nan%
视源股份,,,nan%,nan%
中国银行,,,nan%,nan%
欧普照明,,,nan%,nan%
帝欧家居,,,nan%,nan%
腾讯控股,,,nan%,nan%
星源材质,,,nan%,nan%
汇丰控股,,,nan%,nan%
国投电力,,,nan%,nan%
拓普集团,,,nan%,nan%
川投能源,,,nan%,nan%
蓝焰控股,,,nan%,nan%
正海磁材,,,nan%,nan%
国网信通,,,nan%,nan%
晶方科技,,,nan%,nan%
华正新材,,,nan%,nan%
八方股份,,,nan%,nan%
伟明环保,,,nan%,nan%
天虹股份,,,nan%,nan%
杰克股份,,,nan%,nan%
江海股份,,,nan%,nan%
广汽集团,,,nan%,nan%
益生股份,,,nan%,nan%
国电电力,,,nan%,nan%
风华高科,,,nan%,nan%
邮储银行,,,nan%,nan%
友邦保险,,,nan%,nan%
百润股份,,,nan%,nan%
弘信电子,,,nan%,nan%
碧桂园服务,,,nan%,nan%
中国移动,,,nan%,nan%
北大荒,,,nan%,nan%
恒生银行,,,nan%,nan%
中银香港,,,nan%,nan%
中国财险,,,nan%,nan%
美团点评-W,,,nan%,nan%
中芯国际,,,nan%,nan%
春风动力,,,nan%,nan%
中颖电子,,,nan%,nan%
中国石油化工股份,,,nan%,nan%
特锐德,,,nan%,nan%
中国船舶,,,nan%,nan%
瑞普生物,,,nan%,nan%
苏试试验,,,nan%,nan%
绿城服务,,,nan%,nan%
新易盛,,,nan%,nan%
VTECH HOLDINGS,,,nan%,nan%
亨通光电,,,nan%,nan%
太辰光,,,nan%,nan%
香飘飘,,,nan%,nan%
安踏体育,,,nan%,nan%
中国光大控股,,,nan%,nan%
上海石油化工股份,,,nan%,nan%
鄂武商Ａ,,,nan%,nan%
天孚通信,,,nan%,nan%
广州酒家,,,nan%,nan%
三环集团,,,nan%,nan%
信义玻璃,,,nan%,nan%
深信服,,,nan%,nan%
招商局港口,,,nan%,nan%
中航电测,,,nan%,nan%
中国海洋石油,,,nan%,nan%
晶丰明源,,,nan%,nan%
易华录,,,nan%,nan%
裕元集团,,,nan%,nan%
电讯盈科,,,nan%,nan%
中国银河,,,nan%,nan%
东风集团股份,,,nan%,nan%
广深铁路,,,nan%,nan%
深高速,,,nan%,nan%
中国铝业,,,nan%,nan%
金禾实业,,,nan%,nan%
香港交易所,,,nan%,nan%
哈药股份,,,nan%,nan%
丸美股份,,,nan%,nan%
机器人,,,nan%,nan%
东华能源,,,nan%,nan%
酒鬼酒,,,nan%,nan%
硅宝科技,,,nan%,nan%
奥佳华,,,nan%,nan%
吉祥航空,,,nan%,nan%
中国石油股份,,,nan%,nan%
神州高铁,,,nan%,nan%
麦格米特,,,nan%,nan%
酒钢宏兴,,,nan%,nan%
长沙银行,,,nan%,nan%
中信股份,,,nan%,nan%
东方盛虹,,,nan%,nan%
北方稀土,,,nan%,nan%
中国海外发展,,,nan%,nan%
江铃汽车,,,nan%,nan%
中鼎股份,,,nan%,nan%
重庆百货,,,nan%,nan%
首开股份,,,nan%,nan%
南方航空,,,nan%,nan%
富安娜,,,nan%,nan%
富森美,,,nan%,nan%
中国国航,,,nan%,nan%
佳都科技,,,nan%,nan%
天地科技,,,nan%,nan%
海航科技,,,nan%,nan%
金山软件,,,nan%,nan%
龙净环保,,,nan%,nan%
广汇汽车,,,nan%,nan%
岱美股份,,,nan%,nan%
福田汽车,,,nan%,nan%
大北农,,,nan%,nan%
五矿发展,,,nan%,nan%
隆鑫通用,,,nan%,nan%
华润啤酒,,,nan%,nan%
中科曙光,,,nan%,nan%
淳中科技,,,nan%,nan%
格尔软件,,,nan%,nan%
一汽轿车,,,nan%,nan%
尖峰集团,,,nan%,nan%
燕京啤酒,,,nan%,nan%
广州发展,,,nan%,nan%
数知科技,,,nan%,nan%
三聚环保,,,nan%,nan%
神火股份,,,nan%,nan%
民和股份,,,nan%,nan%
江淮汽车,,,nan%,nan%
江中药业,,,nan%,nan%
康缘药业,,,nan%,nan%
中国卫星,,,nan%,nan%
海 利 得,,,nan%,nan%
长和,,,nan%,nan%
桃李面包,,,nan%,nan%
伯特利,,,nan%,nan%
克来机电,,,nan%,nan%
长实集团,,,nan%,nan%
惠城环保,,,nan%,nan%
凯美特气,,,nan%,nan%
普邦股份,,,nan%,nan%
中环装备,,,nan%,nan%
远达环保,,,nan%,nan%
上海环境,,,nan%,nan%
美亚光电,,,nan%,nan%
天壕环境,,,nan%,nan%
博世科,,,nan%,nan%
中再资环,,,nan%,nan%
华泰股份,,,nan%,nan%
新鸿基地产,,,nan%,nan%
中电控股,,,nan%,nan%
香港中华煤气,,,nan%,nan%
华润双鹤,,,nan%,nan%
理文造纸,,,nan%,nan%
华润燃气,,,nan%,nan%
深圳高速公路股份,,,nan%,nan%
中国西电,,,nan%,nan%
桂冠电力,,,nan%,nan%
彩虹股份,,,nan%,nan%
中国核建,,,nan%,nan%
中际旭创,,,nan%,nan%
天津港,,,nan%,nan%
德赛电池,,,nan%,nan%
建滔集团,,,nan%,nan%
银河娱乐,,,nan%,nan%
华润电力,,,nan%,nan%
玖龙纸业,,,nan%,nan%
胜宏科技,,,nan%,nan%
三利谱,,,nan%,nan%
深圳燃气,,,nan%,nan%
粤海投资,,,nan%,nan%
福晶科技,,,nan%,nan%
海油工程,,,nan%,nan%
新奥股份,,,nan%,nan%
中国宏桥,,,nan%,nan%
共进股份,,,nan%,nan%
珀莱雅,,,nan%,nan%
太极实业,,,nan%,nan%
梦百合,,,nan%,nan%
中天金融,,,nan%,nan%
国恩股份,,,nan%,nan%
中国宝安,,,nan%,nan%
杉杉股份,,,nan%,nan%
中国核电,,,nan%,nan%
万里扬,,,nan%,nan%
泛微网络,,,nan%,nan%
恩华药业,,,nan%,nan%
金溢科技,,,nan%,nan%
可立克,,,nan%,nan%
龙马环卫,,,nan%,nan%
长城证券,,,nan%,nan%
华润水泥控股,,,nan%,nan%
国海证券,,,nan%,nan%
建滔积层板,,,nan%,nan%
中集集团,,,nan%,nan%
同方股份,,,nan%,nan%
中天科技,,,nan%,nan%
国金证券,,,nan%,nan%
鸿泉物联,,,nan%,nan%
华谊兄弟,,,nan%,nan%
希慎兴业,,,nan%,nan%
国信证券,,,nan%,nan%
新湖中宝,,,nan%,nan%
三六零,,,nan%,nan%
科安达,,,nan%,nan%
神驰机电,,,nan%,nan%
景嘉微,,,nan%,nan%
和邦生物,,,nan%,nan%
